Primer,Sequence,Index,Stagger
i5.2.1,AATGATACGGCGACCACCGAGATCTACACTAGATCGCACACTCTTTCCCTACACGACGCTCTTCCGATCTNHNNNNTCGACTAAACGCGCTACTTG,TAGATCGC,None
i5.2.2,AATGATACGGCGACCACCGAGATCTACACCTCTCTATACACTCTTTCCCTACACGACGCTCTTCCGATCTNHNNNNCGTCGACTAAACGCGCTACTTG,CTCTCTAT,CG
i5.2.3,AATGATACGGCGACCACCGAGATCTACACTATCCTCTACACTCTTTCCCTACACGACGCTCTTCCGATCTNHNNNNGACTCGACTAAACGCGCTACTTG,TATCCTCT,GAC
i5.2.4,AATGATACGGCGACCACCGAGATCTACACAGAGTAGAACACTCTTTCCCTACACGACGCTCTTCCGATCTNHNNNNATAGTCTCGACTAAACGCGCTACTTG,AGAGTAGA,ATAGTC
i5.2.5,AATGATACGGCGACCACCGAGATCTACACGTAAGCAGACACTCTTTCCCTACACGACGCTCTTCCGATCTNHNNNNTACGTCGACTAAACGCGCTACTTG,GTAAGCAG,TACG
i5.2.6,AATGATACGGCGACCACCGAGATCTACACACTGCGTAACACTCTTTCCCTACACGACGCTCTTCCGATCTNHNNNNCCTAATCGACTAAACGCGCTACTTG,ACTGCGTA,CCTAA
,,,
,,,
,,,
,,,
I7.2.1,CAAGCAGAAGACGGCATACGAGATTAAGGCGAGTGACTGGAGTTCAGACGTGTGCTCTTCCGATCTGTCCTGCTGGAGTTCGTGAC,TAAGGCGA,None
I7.2.2,CAAGCAGAAGACGGCATACGAGATCGTACTAGGTGACTGGAGTTCAGACGTGTGCTCTTCCGATCTAGGTCCTGCTGGAGTTCGTGAC,CGTACTAG,AG
I7.2.3,CAAGCAGAAGACGGCATACGAGATAGGCAGAAGTGACTGGAGTTCAGACGTGTGCTCTTCCGATCTTCAAGTCCTGCTGGAGTTCGTGAC,AGGCAGAA,TCAA
i7.2.4,CAAGCAGAAGACGGCATACGAGATTCCTGAGCGTGACTGGAGTTCAGACGTGTGCTCTTCCGATCTCACTTAAGTCCTGCTGGAGTTCGTGAC,TCCTGAGC,CACTTAA
i7.2.5,CAAGCAGAAGACGGCATACGAGATCGACTCCTGTGACTGGAGTTCAGACGTGTGCTCTTCCGATCTTGTCCTGCTGGAGTTCGTGAC,CGACTCCT,T
i7.2.6,CAAGCAGAAGACGGCATACGAGATTAGGCATGGTGACTGGAGTTCAGACGTGTGCTCTTCCGATCTCTTGAGTCCTGCTGGAGTTCGTGAC,TAGGCATG,CTTGA